title,price,rating,brand,model_name,screen_size,hard_disk_size,cpu_model,ram_memory_installed_size,operating_system,special_feature,graphics_card_description,graphics_coprocessor,series,card_description,color,cpu_speed,hard_disk_description,resolution
"Lenovo 15.6"" Laptop, IdeaPad 1, 20GB RAM, 1TB PCIe SSD, Wi-Fi 6 and Bluetooth 5.1, HDMI, SD Card Reader, 15.6"" HD Anti-Glare Display, AMD Athlon Dual-core Processor, Windows 11 Home in S Mode",$429.00,4.3 out of 5 stars,Lenovo,IdeaPad,15.6 Inches,1 TB,Athlon,20 GB,Windows 11,Anti-glare,Integrated,AMD Radeon Graphics,,,,,,
"HP 2022 Newest Pavilion 15.6"" HD Laptop, Intel Quad-core Pentium Processor, 16GB RAM, 1TB SSD, 11 Hr Battry Life, Intel UHD Graphics, HD Webcam, Bluetooth, HDMI, USB Type-C, Scarlet Red, Win 11",$469.00,4.3 out of 5 stars,HP,,15.6 Inches,1 TB,Pentium N5000,16 GB,Windows 11,Anti Glare Coating,,Intel UHD Graphics,Pavilion,Integrated,,,,
"SGIN Laptop 15.6 Inch, 4GB DDR4 128GB SSD Windows 11 Laptops with Intel Celeron Quad Core J4105(up to 2.5 GHz), Intel UHD Graphics 600, Mini HDMI, WiFi, Webcam, USB3.0, Bluetooth 4.2",$259.98,4.4 out of 5 stars,SGIN,,15.6 Inches,128 GB,Celeron,4 GB,Windows 11,,,Integrated,,Integrated,Gray,2.5 GHz,,
"HP 2021 Stream 14"" HD SVA Laptop Computer, Intel Celeron N4000 Processor, 4GB RAM, 64GB eMMC Flash Memory, Webcam, 1-Year Office, Intel UHD Graphics 600, Win 10S, Rose Pink, 32GB SnowBell USB Card",$259.99,4.2 out of 5 stars,HP,,14 Inches,64 GB,Celeron N,4 GB,Windows 10 S,Anti-glare,,,HP,Integrated,Pink,,,
"SGIN Laptop 12GB RAM 512GB SSD, 15.6 Inch Windows 11 Laptops with Intel Celeron N5095 Quad-Core Processor(up to 2.9 GHz), Full HD 1080P Screen, Mini HDMI, 2.4/5.0G WiFi, Webcam, Bluetooth 4.2, Grey",$359.99,4.3 out of 5 stars,SGIN,,15.6 Inches,512 GB,Celeron,12 GB,,,,Integrated,,Integrated,,2.9 GHz,SSD,1080p
"Lenovo 15.6"" Laptop, IdeaPad 1, 20GB RAM, 1TB PCIe SSD, Wi-Fi 6 and Bluetooth 5.1, HDMI, SD Card Reader, 15.6"" HD Anti-Glare Display, AMD Athlon Dual-core Processor, Windows 11 Home in S Mode",$429.00,4.3 out of 5 stars,Lenovo,,15.6 Inches,1 TB,Athlon,20 GB,Windows 11,Anti-glare,,AMD Radeon Graphics,IdeaPad,Integrated,,,,
"HP 2022 Newest Pavilion 15.6"" HD Laptop, Intel Quad-core Pentium Processor, 16GB RAM, 1TB SSD, 11 Hr Battry Life, Intel UHD Graphics, HD Webcam, Bluetooth, HDMI, USB Type-C, Scarlet Red, Win 11",$469.00,4.3 out of 5 stars,HP,Pavilion,15.6 Inches,1 TB,Pentium N5000,16 GB,Windows 11,Anti Glare Coating,Integrated,Intel UHD Graphics,,,,,,
"Lenovo IdeaPad 1i Multitasking Laptop, 14"" HD Display, 4GB RAM, 256GB Storage, Intel Pentium N5030 Processor Upto 3.1GHz,1 Year Office365,10Hrs Battery Life and Rapid Charge, Type-C, HDMI, Win11",$209.99,4.4 out of 5 stars,Lenovo,,14 Inches,256 GB,Pentium,4 GB,Windows 11 S,,Integrated,Intel UHD Graphics,,,,3.1 GHz,SSD,
"2022 HP Pavilion 17 Laptop, 17.3"" HD+ Touch Display, AMD Ryzen3 3250U Processor, 16 GB RAM, 256 GB SSD, WiFi, Webcam, Long Battery Life, Windows 10 + One Year of Office365, Silver (Latest Model)",$599.99,4.3 out of 5 stars,HP,,17.3 Inches,256 GB,Ryzen 3 3250U,16 GB,Windows 10,,,AMD Radeon™ Graphics,Pavilion 17,Integrated,Silver,,,
"Lenovo 14"" IdeaPad 1 Laptop, Intel Dual-core Processor, 14"" HD Display, 4GB RAM, Wi-Fi 6 and Bluetooth, HDMI, SD Card Reader, Windows 11 Home in S Mode (256GB SSD Storage)",$199.00,4.0 out of 5 stars,Lenovo,IdeaPad 1,14 Inches,320 GB,Celeron N4020,4 GB,Windows 11,,Integrated,Intel UHD Graphics 600,,,,2.8 GHz,,
"HP Laptop 14-DQ3025CL 14"" Intel Pentium Silver N6000, Intel UHD Graphics, 4GB DDR4 RAM, 128GB SSD Storage, Windows 11 Home in S Mode, Natural Silver (Renewed)",$161.00,4.8 out of 5 stars,HP,,14 Inches,128 GB,Pentium,4 GB,Windows 11 Home,,,,14-DQ3025CL,Integrated,Natural silver,3.3 GHz,,
"HP Chromebook Laptop 14a-na1043cl 14"" Diagonal FHD IPS Display 1920 x 1080 Intel Celeron N4500 4 GB Memory 64 GB eMMC Storage Chrome OS Mineral Silver (Renewed)",$124.00,4.4 out of 5 stars,HP,,14 Inches,64 GB,Pentium D,4 GB,Chrome OS,,,Intel,Chromebook,Integrated,Mineral Silver,,,
"Acer Chromebook Spin 311 Convertible Laptop, Intel Celeron N4020, 11.6"" HD Touch, 4GB LPDDR4, 32GB eMMC, Gigabit Wi-Fi 5, Bluetooth 5.0, Google Chrome, CP311-2H-C679",$228.00,4.6 out of 5 stars,Acer,Chromebook Spin 311,11.6 Inches,32 GB,Celeron,4 GB,Chrome OS,,Integrated,Mediatek,,,Grey,,,
"Fast Dell Latitude E5470 HD Business Laptop Notebook PC (Intel Core i5-6300U, 8GB Ram, 256GB Solid State SSD, HDMI, Camera, WiFi, SC Card Reader) Win 10 Pro (Renewed)",$152.95,4.1 out of 5 stars,Dell,Dell Latitude E5470,14 Inches,256 GB,Core i5 Family,16 GB,Windows 10 Pro,Anti-glare Screen,Integrated,,,,Black,,,
"HP 15.6in Laptop (Intel Pentium Quad-Core N5000, 4GB RAM, 128GB SSD, HDMI, WiFi, Bluetooth, HD Webcam, Windows 10 S) (Renewed)",$199.99,4.4 out of 5 stars,HP,HP-15.6-RP,15.6 Inches,128 GB,Pentium N5000,4 GB,Windows 10 Home,Anti Glare Coating,Integrated,,,,Red,,,
"Microsoft Surface Laptop Go - 12.4"" Touchscreen - Intel Core i5 - 8GB Memory - 256GB SSD - Platinum",$544.00,4.5 out of 5 stars,Microsoft,Surface Laptop Go,12.4 Inches,256 GB,Core i5-1035G1,8 GB,Windows 10 S,Fingerprint Power Button,Integrated,,,,Platinum,,,
"Dell Latitude E7470 14in Laptop, Core i5-6300U 2.4GHz, 8GB Ram, 256GB SSD, Windows 10 Pro 64bit (Renewed)",$129.89,4.2 out of 5 stars,Dell,,14 Inches,256 GB,Intel Core i5,8 GB,Windows 10 Pro,Anti-glare,,,Latitude E7470,Integrated,Black,,,
"Lenovo 2022 Newest Ideapad 3 Laptop, 15.6"" HD Touchscreen, 11th Gen Intel Core i3-1115G4 Processor, 8GB DDR4 RAM, 256GB PCIe NVMe SSD, HDMI, Webcam, Wi-Fi 5, Bluetooth, Windows 11 Home, Almond",$421.00,4.3 out of 5 stars,Lenovo,,15.6 Inches,256 GB,Core i3,20 GB,Windows 11,Anti Glare Coating,,,IdeaPad 3 81X800ENUS,Integrated,Almond,,,
"ASUS Chromebook Vibe C55 Flip, Cloud Gaming Laptop, 15.6"" Full HD 144 Hz Touch Display, Intel® Core™ i5-1135G7 Processor, 512GB SSD, 16GB RAM, ChromeOS, Mineral Gray, CX5501FEA-AS562T",$699.99,Previous page of related Sponsored Products,ASUS,,15.6 Inches,512 GB,Intel Core i5,16 GB,Chrome OS,Full Hd,,,Chromebook Vibe C55 Flip,Integrated,Mineral Grey,,,
"Apple 2020 MacBook Air Laptop M1 Chip, 13"" Retina Display, 8GB RAM, 256GB SSD Storage, Backlit Keyboard, FaceTime HD Camera, Touch ID. Works with iPhone/iPad; Gold",$799.99,4.8 out of 5 stars,Apple,MacBook Air,13.3 Inches,256 GB,Unknown,8 GB,Mac OS,Backlit Keyboard,Integrated,,,,Gold,,,
"Acer Aspire 5 A515-56-347N Slim Laptop - 15.6"" Full HD IPS Display - 11th Gen Intel i3-1115G4 Dual Core Processor - 8GB DDR4 - 128GB NVMe SSD - WiFi 6 - Amazon Alexa - Windows 11 Home in S Mode",$299.99,4.3 out of 5 stars,Acer,A515-56-347N,15.6 Inches,128 GB,Core I3 1115G4,8 GB,Windows 11 S,Amazon Alexa,Integrated,,,,Silver,,,
Gateway Newest Touchscreen 11.6 HD 2-in-1 Convertible Laptop in Blue Intel N4020 4GB RAM 64GB SSD Mini-HDMI Webcam Windows 10 S (Renewed) (GT-116),$129.00,3.9 out of 5 stars,Gateway,2-in-1 Convertible Notebook,11.6 Inches,64 GB,Pentium D,4 GB,Windows 10 S,Anti Glare Coating,Integrated,,,,Blue,,,
"Lenovo ThinkBook 15 Gen 3 15.6"" FHD (36GB DDR4 RAM, 1TB PCIe SSD, AMD 6-Core Ryzen 5 5500U (Beat i7-1165G7), Anti-Glare, Webcam) Business Laptop, Backlit Keyboard, Fingerprint, Type-C, Win 11 Pro",$729.99,4.9 out of 5 stars,Ist computers,,15.6 Inches,1 TB,Ryzen 5 5500U,32 GB,Windows 11 Pro,"Fingerprint Reader, HD Audio, Numeric Keypad, Spill resistant, Backlit Keyboard, Anti Glare Coating",,,ThinkBook 15 Gen 3,Integrated,Mineral Grey,,,
"Lenovo 2022 IdeaPad 1 15.6"" HD Laptop, Athlon Silver 3050U, 20GB RAM, 1TB PCIe SSD, AMD Radeon Graphics, HD Webcam, HDMI, WiFi 6, Grey, Windows 11 S. 32GB Snowbell USB Card",$369.00,4.3 out of 5 stars,Lenovo,,15.6 Inches,1 TB,Athlon Silver 3050U,20 GB,Windows 11 S,,Integrated,AMD Radeon Graphics,,,Gray,2.3 GHz,,
"ASUS Vivobook Laptop L210 11.6"" Ultra Thin Laptop, Intel Celeron N4020 Processor, 4GB RAM, 128GB eMMC Storage, Windows 11 Home in S Mode with One Year of Office 365 Personal, L210MA-DS04",$189.99,3.8 out of 5 stars,ASUS,ASUS Vivobook Go 12,11.6,128 GB,Celeron,4 GB,Windows 11 S,Anti Glare Coating,Integrated,,,,Star Black,,,
"Lenovo IdeaPad 1 14 Laptop, 14.0"" HD Display, Intel Celeron N4020, 4GB RAM, 64GB Storage, Intel UHD Graphics 600, Win 11 in S Mode, Cloud Grey",$163.88,4.1 out of 5 stars,Lenovo,,14 Inches,64 GB,Celeron N4020,4 GB,Windows 11,Integrated,,,Lenovo Ideapad 1i,,Gray,,,
"Samsung Chromebook 4 (2021 Model) 11.6"" Intel UHD Graphics 600, Intel Celeron Processor N4020, 4GB, 16GB- Wi-Fi - Satin Gray- (XE310XBA-KB1US)",$138.85,4.4 out of 5 stars,SAMSUNG,Chromebook 4,11.6 Inches,,Celeron N3450,4 GB,Chrome OS,Anti Glare Coating,Integrated,Intel Celeron Processor N4000,,,Satin Gray,,,
Gateway 15.6 HD Ultra Slim Notebook in Navy Blue Intel Dual Core up to 3.1Ghz 4GB DDR4 128GB SSD Tuned by THX Audio HDMI Cortana Webcam W11 (Renewed),$139.99,3.9 out of 5 stars,Gateway,GA15HD-BL,15.6 Inches,128 GB,Mobile Intel Celeron Processor,4 GB,Windows 11,,Integrated,Intel,,,Blue,,,
"Lenovo IdeaPad 1i Multitasking Laptop, 14"" HD Display, 4GB RAM, 256GB Storage, Intel Pentium N5030 Processor Upto 3.1GHz,1 Year Office365,10Hrs Battery Life and Rapid Charge, Type-C, HDMI, Win11",$209.99,4.4 out of 5 stars,Lenovo,,14 Inches,256 GB,Pentium,4 GB,Windows 11 S,,Integrated,Intel UHD Graphics,,,,3.1 GHz,SSD,
"HP 17 Laptop, 17.3” HD+ Display, 11th Gen Intel Core i3-1125G4 Processor, 32GB RAM, 1TB SSD, Wi-Fi, HDMI, Webcam, Windows 11 Home, Silver",$598.00,5.0 out of 5 stars,HP,TPN-I139_320M3AV,17.3 Inches,1 TB,Core i3 Family,32 GB,Windows 11 Home,,Integrated,Intel UHD Graphics,,,Silver,,,
"SGIN 17 Inch Laptop, Windows 11 Laptops with IPS Display, 4GB RAM 128GB SSD Computer, Intel Celeron Quad Core J4105(Up to 2.5 GHz), Mini HDMI, Webcam, Dual Wi-Fi, 512GB Expansion",$299.99,4.2 out of 5 stars,SGIN,,17.3 Inches,128 GB,Celeron,4 GB,Windows 11,,Integrated,Integrated,,,Gray,2.5 GHz,,
"HP Newest 14"" Thin Light Laptop, Intel Dual-Core N4020, 8GB RAM, 128GB Storage(64GB eMMC+64GB Micro SD), 1Yr Office, Win 10 Bundle w/GaPi Mousepad (White)",$288.99,4.3 out of 5 stars,HP,,14 Inches,64 GB,Celeron N4020,8 GB,Windows 10 S,,Integrated,Integrated,,,White,1.1 GHz,,
"Lenovo IdeaPad 15.6"" Laptop Newest, 20GB RAM, 1TB SSD, AMD Dual-core Processor, 15.6 Inch HD Anti-Glare Display, WiFi6 Bluetooth 5.0, 9.5Hr Battery, Windows 11 +GM Accessories",$399.00,3.8 out of 5 stars,Lenovo,Ideapad,15.6 Inches,1 TB,Athlon,20 GB,Windows 11 S,Anti-glare,Integrated,AMD Radeon graphics,,,,,,
